command,copy_codebook_cosine_s0,copy_codebook_cosine_s1,copy_codebook_cosine_s2,copy_codebook_l2_s0,copy_codebook_l2_s1,copy_codebook_l2_s2,copy_pixel_mae_s0,copy_pixel_mae_s1,copy_pixel_mae_s2,delta_copy_codebook_cosine_s0,delta_copy_codebook_cosine_s1,delta_copy_codebook_cosine_s2,delta_copy_codebook_l2_s0,delta_copy_codebook_l2_s1,delta_copy_codebook_l2_s2,delta_copy_pixel_mae_s0,delta_copy_pixel_mae_s1,delta_copy_pixel_mae_s2,delta_mirror_codebook_cosine_s0,delta_mirror_codebook_cosine_s1,delta_mirror_codebook_cosine_s2,delta_mirror_codebook_l2_s0,delta_mirror_codebook_l2_s1,delta_mirror_codebook_l2_s2,delta_mirror_pixel_mae_s0,delta_mirror_pixel_mae_s1,delta_mirror_pixel_mae_s2,gt_codebook_cosine_s0,gt_codebook_cosine_s1,gt_codebook_cosine_s2,gt_codebook_l2_s0,gt_codebook_l2_s1,gt_codebook_l2_s2,gt_pixel_mae_s0,gt_pixel_mae_s1,gt_pixel_mae_s2,mirror_codebook_cosine_s0,mirror_codebook_cosine_s1,mirror_codebook_cosine_s2,mirror_codebook_l2_s0,mirror_codebook_l2_s1,mirror_codebook_l2_s2,mirror_pixel_mae_s0,mirror_pixel_mae_s1,mirror_pixel_mae_s2,plan_ok,sample_token,scene
straight,0.53416,0.52797,0.49472,14.13155,13.78343,12.67651,0.07474,0.07273,0.05693,0.09697,0.05271,0.03493,1.78811,0.76987,0.23145,0.00539,0.00271,-0.00212,0.0,0.0,-0.04354,0.0,0.0,-0.84383,0.0,0.0,-0.00764,0.43719,0.47526,0.45979,12.34344,13.01357,12.44506,0.06935,0.07002,0.05905,0.43719,0.47526,0.41626,12.34344,13.01357,11.60122,0.06935,0.07002,0.05142,False,d1632f8b90da5a73,2021.09.09.17.18.51_veh-48_01462_01552
straight,0.01828,0.01507,0.02117,1.07551,0.96681,1.32443,0.00504,0.00448,0.00436,-0.05379,-0.05453,-0.05759,-2.76422,-2.92895,-2.78977,-0.06495,-0.06548,-0.06313,0.0,0.0,0.0,0.0,0.0,0.0,0.0,0.0,0.0,0.07207,0.0696,0.07876,3.83973,3.89576,4.1142,0.06999,0.06995,0.06748,0.07207,0.0696,0.07876,3.83973,3.89576,4.1142,0.06999,0.06995,0.06748,False,87892c25ae665d1b,2021.09.29.14.44.26_veh-28_00337_00504
straight,0.81974,0.87443,0.74857,17.85086,18.974,17.48853,0.14279,0.15704,0.09908,0.01091,0.06225,0.14163,-0.15825,0.60051,2.19966,-0.00286,0.03076,0.0103,0.0,0.08497,0.19317,0.0,1.1113,3.24443,0.0,0.06229,0.05616,0.80883,0.81218,0.60694,18.0091,18.37348,15.28888,0.14565,0.12628,0.08878,0.80883,0.89715,0.80011,18.0091,19.48479,18.53331,0.14565,0.18857,0.14495,False,920e8e947c165899,2021.09.16.19.12.04_veh-42_01221_01380
straight,0.65386,0.56442,0.54965,15.86751,14.22343,14.28314,0.11785,0.11374,0.09929,0.00719,0.10392,0.17516,-0.18966,1.56744,1.84097,-0.02682,0.0019,-0.01905,0.02063,0.06552,0.40332,0.39298,0.89238,6.14576,-0.00996,0.00064,0.03599,0.64667,0.4605,0.37449,16.05717,12.656,12.44217,0.14467,0.11185,0.11833,0.6673,0.52602,0.77781,16.45015,13.54838,18.58793,0.13471,0.11248,0.15432,False,51b855943c3a54ee,2021.09.29.18.19.40_veh-28_01268_01685
straight,0.04636,0.03942,0.03228,1.895,1.58052,1.62197,0.00539,0.00578,0.00684,-0.03428,-0.0389,-0.11338,-1.96153,-2.23521,-4.85908,-0.05531,-0.05604,-0.05982,0.0,0.0,0.0,0.0,0.0,0.0,0.0,0.0,0.0,0.08064,0.07832,0.14566,3.85653,3.81573,6.48105,0.0607,0.06182,0.06666,0.08064,0.07832,0.14566,3.85653,3.81573,6.48105,0.0607,0.06182,0.06666,False,0215f62e0451581c,2021.09.09.14.18.22_veh-48_01503_01761
straight,0.57697,0.56979,0.53434,14.12838,14.18195,13.90664,0.08084,0.10854,0.09303,-0.1292,0.09983,0.1268,-2.426,1.54859,1.67997,-0.01898,0.03421,0.03028,0.0,0.0,0.0,0.0,0.0,0.0,0.0,0.0,0.0,0.70617,0.46996,0.40754,16.55438,12.63336,12.22667,0.09982,0.07433,0.06275,0.70617,0.46996,0.40754,16.55438,12.63336,12.22667,0.09982,0.07433,0.06275,False,c6b63680ae2c5255,2021.10.06.07.26.10_veh-52_00006_00398
straight,0.51842,0.66616,0.60763,13.90075,15.87537,15.09793,0.07201,0.09122,0.08763,0.01382,0.18806,0.04697,0.07416,3.00969,0.6143,-0.0074,0.01543,0.00724,0.0,0.0,0.0,0.0,0.0,0.0,0.0,0.0,0.0,0.5046,0.4781,0.56066,13.82659,12.86568,14.48363,0.07941,0.07579,0.08039,0.5046,0.4781,0.56066,13.82659,12.86568,14.48363,0.07941,0.07579,0.08039,False,79a0221fee2d5369,2021.09.16.19.27.01_veh-45_01749_03230
straight,0.52723,0.68357,0.66959,13.94674,16.50311,16.53895,0.10273,0.11289,0.13132,-0.06845,0.08136,0.09149,-1.17427,1.42835,1.96584,-0.01682,-0.00806,0.01201,0.0424,0.0,0.0,0.56249,0.0,0.0,0.00435,0.0,0.0,0.59568,0.60221,0.57809,15.121,15.07476,14.57311,0.11955,0.12095,0.11931,0.63807,0.60221,0.57809,15.68349,15.07476,14.57311,0.1239,0.12095,0.11931,False,8e7c8f2d49c55305,2021.06.28.20.24.43_veh-38_03385_04952
straight,0.50365,0.47699,0.45746,12.29349,11.83758,11.74362,0.07541,0.07212,0.08093,-0.14835,-0.19704,-0.07114,-2.96157,-3.61529,-1.39916,-0.02917,-0.04662,-0.02337,0.0,0.0,0.0,0.0,0.0,0.0,0.0,0.0,0.0,0.65201,0.67404,0.5286,15.25506,15.45287,13.14278,0.10458,0.11874,0.1043,0.65201,0.67404,0.5286,15.25506,15.45287,13.14278,0.10458,0.11874,0.1043,False,33487cefec4f5068,2021.06.28.20.24.43_veh-38_03385_04952
straight,0.02271,0.03236,0.06315,1.78332,1.83915,3.14959,0.00792,0.01117,0.01235,-0.03566,-0.05247,-0.03421,-2.37896,-2.8509,-1.89101,-0.04775,-0.04597,-0.04405,0.0,0.0,0.0,0.0,0.0,0.0,0.0,0.0,0.0,0.05837,0.08484,0.09736,4.16228,4.69005,5.0406,0.05566,0.05714,0.05641,0.05837,0.08484,0.09736,4.16228,4.69005,5.0406,0.05566,0.05714,0.05641,False,887cd9b2f3d5525d,2021.08.30.14.54.34_veh-40_00439_00835
straight,0.40466,0.40089,0.35273,11.09009,11.05268,10.30892,0.05981,0.0556,0.06043,0.00129,-0.09623,-0.20234,-0.79279,-2.39949,-3.87156,-0.02849,-0.04017,-0.03529,0.0,0.0,0.0,0.0,0.0,0.0,0.0,0.0,0.0,0.40337,0.49713,0.55507,11.88288,13.45217,14.18048,0.08831,0.09577,0.09572,0.40337,0.49713,0.55507,11.88288,13.45217,14.18048,0.08831,0.09577,0.09572,False,4e18937ea7c35f18,2021.05.25.14.24.08_veh-25_03764_04034
straight,0.46247,0.49039,0.47741,11.70062,11.89725,12.10865,0.06118,0.05961,0.06425,-0.13367,-0.03677,-0.10718,-3.18112,-1.21899,-2.51047,-0.03125,-0.0222,-0.01965,0.16485,-0.00266,0.16066,2.48201,-0.13101,2.8639,0.03443,-0.00163,0.01676,0.59614,0.52716,0.58459,14.88174,13.11624,14.61911,0.09244,0.08181,0.0839,0.76098,0.5245,0.74524,17.36375,12.98523,17.48302,0.12687,0.08018,0.10065,False,3726cccb6f1c5950,2021.06.28.18.03.27_veh-14_00620_01581
straight,0.06772,0.07758,0.10875,3.22573,3.33161,4.20014,0.00853,0.01051,0.01412,-0.28069,-0.05535,-0.29755,-7.74459,-2.76233,-8.34897,-0.09663,-0.06651,-0.1232,0.0,0.0,0.0,0.0,0.0,0.0,0.0,0.0,0.0,0.34841,0.13292,0.40631,10.97033,6.09393,12.54911,0.10516,0.07702,0.13732,0.34841,0.13292,0.40631,10.97033,6.09393,12.54911,0.10516,0.07702,0.13732,False,8a96bc11a6565123,2021.06.28.21.16.05_veh-14_00957_01198
left,0.43436,0.51456,0.67289,10.58144,11.25609,14.42526,0.03755,0.04384,0.06234,-0.21564,0.16904,0.00242,-3.91052,1.65277,-0.72294,-0.02293,-0.0077,-0.00662,0.0,0.0,0.07048,0.0,0.0,0.95091,0.0,0.0,0.02856,0.65,0.34552,0.67047,14.49196,9.60332,15.1482,0.06048,0.05154,0.06896,0.65,0.34552,0.74095,14.49196,9.60332,16.09911,0.06048,0.05154,0.09751,False,7bd504ce0e1950b9,2021.08.30.16.16.44_veh-40_00256_00716
straight,0.42406,0.55631,0.56164,12.57067,14.70382,13.47233,0.04254,0.05537,0.05152,-0.01652,0.0815,-0.06561,0.04189,1.99485,-1.20076,-0.01527,0.00101,-0.01963,0.0,0.06616,-0.02411,0.0,1.06413,-0.06589,0.0,0.00329,-0.00259,0.44058,0.47481,0.62725,12.52878,12.70896,14.67309,0.05781,0.05436,0.07115,0.44058,0.54097,0.60314,12.52878,13.77309,14.60721,0.05781,0.05765,0.06856,False,2286f542212b51d2,2021.09.09.18.04.06_veh-40_00743_01071
straight,0.01183,0.02069,0.01896,0.982,1.26255,1.08456,0.00477,0.00496,0.00494,-0.09568,-0.18003,-0.18191,-4.64518,-6.02706,-6.17819,-0.07677,-0.07547,-0.0869,0.0,0.0,0.0,0.0,0.0,0.0,0.0,0.0,0.0,0.10751,0.20072,0.20087,5.62718,7.28961,7.26275,0.08154,0.08042,0.09184,0.10751,0.20072,0.20087,5.62718,7.28961,7.26275,0.08154,0.08042,0.09184,False,96e832c80bdc5db2,2021.09.29.19.02.14_veh-28_00964_01689
straight,0.60054,0.68851,0.63223,15.41504,16.40067,15.80251,0.07915,0.08096,0.08796,0.00584,0.08593,0.08596,0.64225,0.74657,1.50514,-0.0073,-0.01601,0.00891,0.0,0.0,0.0,0.0,0.0,0.0,0.0,0.0,0.0,0.5947,0.60258,0.54627,14.77279,15.65411,14.29737,0.08645,0.09697,0.07905,0.5947,0.60258,0.54627,14.77279,15.65411,14.29737,0.08645,0.09697,0.07905,False,25836cce97c858fb,2021.09.16.14.39.34_veh-42_00297_00935
right,0.02658,0.03295,0.01831,1.55423,1.59048,1.07503,0.00652,0.00599,0.00588,-0.08204,-0.05918,-0.0598,-3.15867,-2.75378,-2.94607,-0.07334,-0.07153,-0.06677,0.0,0.0,0.0,0.0,0.0,0.0,0.0,0.0,0.0,0.10862,0.09213,0.07811,4.7129,4.34426,4.0211,0.07986,0.07753,0.07265,0.10862,0.09213,0.07811,4.7129,4.34426,4.0211,0.07986,0.07753,0.07265,False,0b2cbc6acdd255cb,2021.09.29.14.44.26_veh-28_00528_00992
right,0.55779,0.61841,0.71624,13.91537,14.88016,16.3837,0.09421,0.1,0.10357,0.0168,-0.04897,0.23332,-0.29727,-1.17968,3.27698,-0.01605,-0.03013,0.00328,0.0,0.0,0.0,0.0,0.0,0.0,0.0,0.0,0.0,0.54099,0.66738,0.48292,14.21264,16.05984,13.10672,0.11027,0.13013,0.10029,0.54099,0.66738,0.48292,14.21264,16.05984,13.10672,0.11027,0.13013,0.10029,False,3129ad6ef24f5de6,2021.09.09.17.18.51_veh-48_00657_00876
straight,0.49929,0.45799,0.54244,12.39504,11.29217,12.66495,0.06798,0.06871,0.0852,-0.16466,-0.11424,-0.08053,-2.6306,-2.58607,-1.76133,-0.04108,-0.03879,-0.03106,0.0,0.0,0.0,0.0,0.0,0.0,0.0,0.0,0.0,0.66394,0.57223,0.62297,15.02565,13.87824,14.42627,0.10906,0.1075,0.11626,0.66394,0.57223,0.62297,15.02565,13.87824,14.42627,0.10906,0.1075,0.11626,False,83d1d7a2715a5610,2021.05.25.15.59.03_veh-30_00625_00855
straight,0.75969,0.77754,0.81613,17.60222,17.50903,17.79827,0.16538,0.15321,0.16527,0.05412,-0.05719,0.077,1.27351,-0.7157,0.8081,0.01071,0.00419,0.01174,-0.06612,0.00767,0.19858,-0.9755,0.01795,2.24055,-0.01775,0.03413,0.02133,0.70556,0.83473,0.73912,16.32872,18.22473,16.99017,0.15466,0.14902,0.15353,0.63945,0.84239,0.93771,15.35322,18.24267,19.23072,0.13691,0.18315,0.17485,False,58d062b760cf5d0f,2021.10.06.07.26.10_veh-52_00422_00728
straight,0.05725,0.04992,0.01326,3.26303,2.62453,1.30077,0.00826,0.00637,0.00491,-0.03243,-0.04859,-0.10587,-1.55447,-2.68633,-4.64249,-0.04165,-0.04605,-0.05035,0.0,0.0,0.0,0.0,0.0,0.0,0.0,0.0,0.0,0.08968,0.0985,0.11913,4.8175,5.31086,5.94326,0.04991,0.05242,0.05525,0.08968,0.0985,0.11913,4.8175,5.31086,5.94326,0.04991,0.05242,0.05525,False,1ffa486a7c1f52a1,2021.05.25.14.16.10_veh-35_01690_02183
straight,0.02041,0.01956,0.04719,1.1336,1.44001,1.83138,0.00381,0.00393,0.00424,-0.10403,-0.19179,-0.06631,-3.89633,-6.24161,-2.56142,-0.04706,-0.05147,-0.04592,0.0,0.0,0.0,0.0,0.0,0.0,0.0,0.0,0.0,0.12443,0.21135,0.1135,5.02994,7.68162,4.39281,0.05087,0.0554,0.05016,0.12443,0.21135,0.1135,5.02994,7.68162,4.39281,0.05087,0.0554,0.05016,False,5abd4a898c6756fe,2021.09.09.14.18.22_veh-48_00322_00895
straight,0.50612,0.61804,0.61212,13.75595,15.00415,15.14441,0.07156,0.09138,0.09354,-0.03802,-0.04062,0.02548,-0.5623,-0.79835,0.06285,-0.01191,-0.01999,-0.00454,0.0,0.0,0.0,0.0,0.0,0.0,0.0,0.0,0.0,0.54415,0.65866,0.58664,14.31825,15.8025,15.08156,0.08347,0.11137,0.09808,0.54415,0.65866,0.58664,14.31825,15.8025,15.08156,0.08347,0.11137,0.09808,False,4b5bcacc18e35cf5,2021.09.09.18.04.06_veh-40_00555_00731
straight,0.79089,0.79745,0.70994,17.70257,17.34627,16.50084,0.12347,0.10998,0.11069,0.00346,0.15399,0.07481,0.53876,2.13356,1.10537,0.00297,-0.001,-0.00643,0.0169,0.24139,0.0,0.27581,3.29883,0.0,0.00137,0.02737,0.0,0.78743,0.64345,0.63514,17.16381,15.2127,15.39547,0.1205,0.11098,0.11712,0.80433,0.88484,0.63514,17.43963,18.51153,15.39547,0.12186,0.13836,0.11712,False,e54295c9eb395cbe,2021.09.29.19.02.14_veh-28_00540_00917
straight,0.48874,0.39019,0.45603,13.20457,11.46602,12.62514,0.06531,0.05688,0.06462,-0.14282,-0.01709,-0.19581,-2.41147,-0.26583,-3.43517,-0.01688,-0.01427,-0.02489,0.0,0.0,0.0,0.0,0.0,0.0,0.0,0.0,0.0,0.63156,0.40728,0.65184,15.61605,11.73185,16.06031,0.08219,0.07116,0.08951,0.63156,0.40728,0.65184,15.61605,11.73185,16.06031,0.08219,0.07116,0.08951,False,78a35f114b9353f7,2021.09.29.19.02.14_veh-28_00273_00514
straight,0.64336,0.65927,0.68795,16.12043,17.00696,17.5853,0.0865,0.10212,0.09031,-0.09082,-0.03471,0.03857,-1.83599,-0.34535,1.18071,-0.02122,-0.00783,-0.01525,0.02023,0.0,0.0,0.80667,0.0,0.0,0.0145,0.0,0.0,0.73418,0.69398,0.64938,17.95643,17.3523,16.40459,0.10771,0.10995,0.10556,0.75441,0.69398,0.64938,18.7631,17.3523,16.40459,0.12221,0.10995,0.10556,False,a2d64290027c5c45,2021.10.06.08.16.17_veh-52_01590_01725
straight,0.07805,0.12454,0.11622,2.84186,3.71692,3.45342,0.0099,0.01366,0.01145,-0.03948,-0.03211,-0.20157,-2.3597,-2.215,-6.79448,-0.05902,-0.05523,-0.07781,0.0,0.0,0.0,0.0,0.0,0.0,0.0,0.0,0.0,0.11752,0.15665,0.3178,5.20156,5.93193,10.2479,0.06892,0.06888,0.08926,0.11752,0.15665,0.3178,5.20156,5.93193,10.2479,0.06892,0.06888,0.08926,False,797a84da88bc5f60,2021.05.25.14.16.10_veh-35_00083_00485
left,0.82487,0.73778,0.80885,17.26199,16.19456,16.76973,0.11795,0.1187,0.12573,0.12918,-0.0035,0.02788,1.69176,-0.16386,0.12164,0.0025,-0.0357,-0.00407,0.19111,0.16316,0.08166,3.1305,1.71769,1.132,0.1042,0.02554,0.04866,0.69569,0.74129,0.78098,15.57023,16.35842,16.64809,0.11545,0.15439,0.1298,0.8868,0.90445,0.86264,18.70073,18.07611,17.78009,0.21964,0.17994,0.17846,False,ecb0ea4767e55b18,2021.06.03.12.02.06_veh-35_03526_03712
straight,0.58659,0.72952,0.73376,14.76496,17.04628,16.68289,0.11033,0.11587,0.11108,-0.08848,-0.03236,0.12344,-1.49912,-0.39256,1.65404,-0.01086,-0.01118,0.0124,0.0,-0.02872,0.14685,0.0,-0.07844,2.75758,0.0,0.01558,0.06144,0.67506,0.76188,0.61032,16.26408,17.43884,15.02885,0.1212,0.12705,0.09868,0.67506,0.73316,0.75716,16.26408,17.36039,17.78643,0.1212,0.14263,0.16012,False,2f2051bc964c5c08,2021.05.25.14.16.10_veh-35_03373_03550
