command,delta_eps0.5_codebook_cosine_s0,delta_eps0.5_codebook_cosine_s1,delta_eps0.5_codebook_cosine_s2,delta_eps0.5_codebook_l2_s0,delta_eps0.5_codebook_l2_s1,delta_eps0.5_codebook_l2_s2,delta_eps0.5_pixel_mae_s0,delta_eps0.5_pixel_mae_s1,delta_eps0.5_pixel_mae_s2,delta_eps1_codebook_cosine_s0,delta_eps1_codebook_cosine_s1,delta_eps1_codebook_cosine_s2,delta_eps1_codebook_l2_s0,delta_eps1_codebook_l2_s1,delta_eps1_codebook_l2_s2,delta_eps1_pixel_mae_s0,delta_eps1_pixel_mae_s1,delta_eps1_pixel_mae_s2,delta_eps2_codebook_cosine_s0,delta_eps2_codebook_cosine_s1,delta_eps2_codebook_cosine_s2,delta_eps2_codebook_l2_s0,delta_eps2_codebook_l2_s1,delta_eps2_codebook_l2_s2,delta_eps2_pixel_mae_s0,delta_eps2_pixel_mae_s1,delta_eps2_pixel_mae_s2,delta_eps3_codebook_cosine_s0,delta_eps3_codebook_cosine_s1,delta_eps3_codebook_cosine_s2,delta_eps3_codebook_l2_s0,delta_eps3_codebook_l2_s1,delta_eps3_codebook_l2_s2,delta_eps3_pixel_mae_s0,delta_eps3_pixel_mae_s1,delta_eps3_pixel_mae_s2,eps0.5_codebook_cosine_s0,eps0.5_codebook_cosine_s1,eps0.5_codebook_cosine_s2,eps0.5_codebook_l2_s0,eps0.5_codebook_l2_s1,eps0.5_codebook_l2_s2,eps0.5_pixel_mae_s0,eps0.5_pixel_mae_s1,eps0.5_pixel_mae_s2,eps1_codebook_cosine_s0,eps1_codebook_cosine_s1,eps1_codebook_cosine_s2,eps1_codebook_l2_s0,eps1_codebook_l2_s1,eps1_codebook_l2_s2,eps1_pixel_mae_s0,eps1_pixel_mae_s1,eps1_pixel_mae_s2,eps2_codebook_cosine_s0,eps2_codebook_cosine_s1,eps2_codebook_cosine_s2,eps2_codebook_l2_s0,eps2_codebook_l2_s1,eps2_codebook_l2_s2,eps2_pixel_mae_s0,eps2_pixel_mae_s1,eps2_pixel_mae_s2,eps3_codebook_cosine_s0,eps3_codebook_cosine_s1,eps3_codebook_cosine_s2,eps3_codebook_l2_s0,eps3_codebook_l2_s1,eps3_codebook_l2_s2,eps3_pixel_mae_s0,eps3_pixel_mae_s1,eps3_pixel_mae_s2,gt_codebook_cosine_s0,gt_codebook_cosine_s1,gt_codebook_cosine_s2,gt_codebook_l2_s0,gt_codebook_l2_s1,gt_codebook_l2_s2,gt_pixel_mae_s0,gt_pixel_mae_s1,gt_pixel_mae_s2,plan_ok,sample_token,scene
straight,0.27738,0.29658,0.32684,4.44608,2.97257,4.50386,0.03633,-0.01206,0.05588,0.03213,0.21789,0.30063,1.00146,2.28805,3.99169,0.01147,-0.02746,0.04906,0.03017,0.22054,0.36355,0.70251,2.34169,4.8682,0.00989,-0.02901,0.02884,0.0011,0.19438,0.33994,0.52069,2.0327,4.52821,0.00998,-0.02687,0.03272,0.76099,0.86071,0.88847,16.76184,17.62722,18.38193,0.10344,0.11706,0.15135,0.51574,0.78202,0.86226,13.31722,16.94271,17.86976,0.07859,0.10166,0.14453,0.51379,0.78467,0.92518,13.01827,16.99635,18.74627,0.077,0.10011,0.12431,0.48471,0.75851,0.90157,12.83644,16.68735,18.40629,0.07709,0.10225,0.12819,0.48361,0.56413,0.56163,12.31576,14.65466,13.87807,0.06711,0.12912,0.09547,False,921505c43d8140678c34d83bba358a6f,scene-0016
straight,0.29299,0.0952,0.01581,4.03231,1.69882,-0.4227,0.03647,0.02514,0.02452,0.12188,0.04833,-0.00795,1.48179,1.24185,-0.51413,0.01118,0.01457,0.01783,0.01755,0.06159,0.05141,-0.28467,1.52559,-0.22116,0.0032,0.0174,0.00806,0.04209,0.14895,-0.00369,-0.03419,2.46747,-0.80072,0.00511,0.01865,0.00955,0.75112,0.91912,0.82987,16.29433,18.34501,17.83299,0.10313,0.12709,0.15492,0.58001,0.87225,0.80611,13.74381,17.88804,17.74155,0.07784,0.11652,0.14823,0.47568,0.88551,0.86548,11.97735,18.17179,18.03452,0.06986,0.11935,0.13846,0.50022,0.97287,0.81037,12.22783,19.11367,17.45497,0.07177,0.1206,0.13994,0.45813,0.82392,0.81406,12.26202,16.64619,18.25569,0.06666,0.10195,0.1304,False,b7054aad1b4d4bc59ecde0d0d0acd369,scene-0016
straight,0.29658,0.32684,0.49673,2.97257,4.50386,6.84728,-0.01206,0.05588,0.06764,0.21789,0.30063,0.38986,2.28805,3.99169,6.74574,-0.02746,0.04906,0.12435,0.22054,0.36355,0.03542,2.34169,4.8682,0.58184,-0.02901,0.02884,0.00795,0.19438,0.33994,0.12593,2.0327,4.52821,1.63184,-0.02687,0.03272,0.01117,0.86071,0.88847,0.93494,17.62722,18.38193,18.98004,0.11706,0.15135,0.14962,0.78202,0.86226,0.82807,16.94271,17.86976,18.87851,0.10166,0.14453,0.20632,0.78467,0.92518,0.47363,16.99635,18.74627,12.71461,0.10011,0.12431,0.08993,0.75851,0.90157,0.56414,16.68735,18.40629,13.76461,0.10225,0.12819,0.09314,0.56413,0.56163,0.43821,14.65466,13.87807,12.13276,0.12912,0.09547,0.08197,False,9af33b52e11c458096ce6bee5548c1ea,scene-0016
straight,0.0952,0.01581,0.35337,1.69882,-0.4227,5.20008,0.02514,0.02452,0.0473,0.04833,-0.00795,0.25883,1.24185,-0.51413,3.9786,0.01457,0.01783,0.02973,0.06159,0.05141,-0.04937,1.52559,-0.22116,-0.86637,0.0174,0.00806,-0.01116,0.14895,-0.00369,-0.05828,2.46747,-0.80072,-1.05281,0.01865,0.00955,-0.01096,0.91912,0.82987,0.85117,18.34501,17.83299,18.31987,0.12709,0.15492,0.14145,0.87225,0.80611,0.75662,17.88804,17.74155,17.09839,0.11652,0.14823,0.12388,0.88551,0.86548,0.44843,18.17179,18.03452,12.25342,0.11935,0.13846,0.08299,0.97287,0.81037,0.43952,19.11367,17.45497,12.06698,0.1206,0.13994,0.08319,0.82392,0.81406,0.4978,16.64619,18.25569,13.11978,0.10195,0.1304,0.09415,False,40af6a4135e64e6496a3bde206fd5ed3,scene-0016
straight,-0.02944,0.03586,0.16343,-0.43901,0.71926,2.65263,-0.00061,-0.01238,0.02228,-0.05602,-0.09062,-0.00245,-0.77404,-1.48364,0.08179,-0.00107,-0.02289,-0.00046,-0.06801,0.03172,0.01578,-0.91813,0.67709,0.12443,-0.00234,0.01028,0.00241,-0.03436,-0.01298,-0.00054,-0.63252,-0.20434,0.01273,-0.00112,-0.01718,-0.00047,0.57271,0.60718,0.70263,14.85935,15.4623,16.48307,0.07936,0.09228,0.10544,0.54614,0.48071,0.53674,14.52433,13.2594,13.91222,0.0789,0.08177,0.08271,0.53415,0.60304,0.55498,14.38023,15.42013,13.95486,0.07763,0.11494,0.08558,0.56779,0.55835,0.53866,14.66585,14.5387,13.84316,0.07885,0.08748,0.0827,0.60215,0.57133,0.5392,15.29837,14.74304,13.83043,0.07997,0.10466,0.08317,False,134c7f63827c4b858a2a4ce0582d8f6e,scene-0017
straight,0.18083,0.35203,-0.03117,2.68951,4.72837,-0.55036,-0.00965,0.02199,-0.01055,-0.01778,0.32817,-0.00304,0.12437,4.98966,-0.08916,0.02989,0.04017,-0.00485,0.04102,-0.00937,-0.00755,0.6667,-0.12788,-0.02682,-0.00133,0.00027,-0.01242,-0.00411,0.00198,0.02612,0.14113,-0.13766,0.52174,-0.00021,-0.00138,-0.00179,0.62624,0.80427,0.63398,15.40368,17.32666,15.12573,0.08655,0.10985,0.08835,0.42764,0.78041,0.66211,12.83854,17.58795,15.58693,0.12608,0.12803,0.09405,0.48643,0.44286,0.6576,13.38087,12.47041,15.64928,0.09486,0.08812,0.08648,0.4413,0.45422,0.69128,12.8553,12.46062,16.19783,0.09598,0.08648,0.09711,0.44542,0.45224,0.66515,12.71417,12.59829,15.67609,0.09619,0.08786,0.0989,False,ead426cf94b849149ff45a314c4efe2b,scene-0017
straight,0.01649,0.16343,0.03371,0.60925,2.65263,-0.07211,-0.00278,0.02228,-0.00247,-0.09146,-0.00245,-0.10945,-1.23974,0.08179,-1.72838,-0.01642,-0.00046,-0.00797,0.03172,0.01578,-0.08746,0.67709,0.12443,-1.26148,0.01028,0.00241,-0.01349,0.01079,-0.00054,-0.01504,0.33517,0.01273,-0.31326,0.00242,-0.00047,-0.00559,0.58782,0.70263,0.68449,15.35229,16.48307,15.83709,0.10188,0.10544,0.08537,0.47987,0.53674,0.54132,13.5033,13.91222,14.18082,0.08823,0.08271,0.07987,0.60304,0.55498,0.56332,15.42013,13.95486,14.64772,0.11494,0.08558,0.07436,0.58211,0.53866,0.63573,15.07821,13.84316,15.59594,0.10708,0.0827,0.08226,0.57133,0.5392,0.65078,14.74304,13.83043,15.9092,0.10466,0.08317,0.08785,False,d2776ad57f7e47caa2001aea3f60b204,scene-0017
straight,0.30052,-0.03117,0.00577,4.11039,-0.55036,-0.01883,0.02267,-0.01055,0.00052,0.25526,-0.00304,-0.07714,3.64656,-0.08916,-1.40713,0.01627,-0.00485,-0.01258,-0.00937,-0.00755,0.01329,-0.12788,-0.02682,0.02369,0.00027,-0.01242,-0.00284,0.00198,0.02612,0.0401,-0.13766,0.52174,0.39639,-0.00138,-0.00179,-0.00212,0.75276,0.63398,0.66636,16.70868,15.12573,16.22345,0.11053,0.08835,0.09774,0.7075,0.66211,0.58345,16.24485,15.58693,14.83514,0.10413,0.09405,0.08464,0.44286,0.6576,0.67389,12.47041,15.64928,16.26597,0.08812,0.08648,0.09437,0.45422,0.69128,0.7007,12.46062,16.19783,16.63867,0.08648,0.09711,0.0951,0.45224,0.66515,0.6606,12.59829,15.67609,16.24228,0.08786,0.0989,0.09722,False,42c7b34a5f9e440baf4d8ce1cf75922c,scene-0017
straight,0.16343,0.03371,-0.07541,2.65263,-0.07211,-1.01294,0.02228,-0.00247,0.00518,-0.00245,-0.10945,-0.18715,0.08179,-1.72838,-2.83874,-0.00046,-0.00797,-0.03829,0.03544,-0.08746,-0.05445,0.87731,-1.26148,-0.82595,0.03069,-0.01349,-0.00765,-0.00054,-0.01504,-0.10305,0.01273,-0.31326,-1.4713,-0.00047,-0.00559,-0.01251,0.70263,0.68449,0.74412,16.48307,15.83709,18.929,0.10544,0.08537,0.16088,0.53674,0.54132,0.63238,13.91222,14.18082,17.10319,0.08271,0.07987,0.11741,0.57464,0.56332,0.76509,14.70774,14.64772,19.11598,0.11386,0.07436,0.14805,0.53866,0.63573,0.71649,13.84316,15.59594,18.47063,0.0827,0.08226,0.1432,0.5392,0.65078,0.81954,13.83043,15.9092,19.94193,0.08317,0.08785,0.1557,False,4b4c3bc538e64867a9712470e04d61cf,scene-0017
straight,-0.10312,0.00577,-0.02866,-1.53146,-0.01883,-1.13987,-0.00777,0.00052,-0.03379,-0.07499,-0.07714,-0.06376,-1.07026,-1.40713,-1.05467,-0.00207,-0.01258,-0.01294,-0.07949,0.01329,0.03281,-1.00791,0.02369,-0.24012,-0.00964,-0.00284,-0.03747,-0.06659,0.0401,-0.01818,-0.56737,0.39639,-0.73617,-0.0105,-0.00212,-0.03079,0.63398,0.66636,0.59821,15.12573,16.22345,16.09043,0.08835,0.09774,0.07634,0.66211,0.58345,0.56311,15.58693,14.83514,16.17562,0.09405,0.08464,0.09719,0.6576,0.67389,0.65968,15.64928,16.26597,16.99017,0.08648,0.09437,0.07266,0.6705,0.7007,0.60869,16.08982,16.63867,16.49412,0.08562,0.0951,0.07934,0.73709,0.6606,0.62687,16.65719,16.24228,17.23029,0.09612,0.09722,0.11013,False,0966ed2dfcd744ef831f394b7933f747,scene-0017
straight,0.05157,-0.07541,0.04033,0.54088,-1.01294,0.50507,0.00544,0.00518,0.00124,-0.0916,-0.18715,-0.00674,-1.11539,-2.83874,0.27661,-6e-05,-0.03829,-0.00067,0.07733,-0.05445,-0.02556,1.11185,-0.82595,-0.03118,0.00059,-0.00765,0.00564,0.01101,-0.10305,-0.02936,0.1331,-1.4713,-0.04332,0.00257,-0.01251,0.00429,0.68449,0.74412,0.70018,15.83709,18.929,16.7016,0.08537,0.16088,0.07382,0.54132,0.63238,0.65311,14.18082,17.10319,16.47314,0.07987,0.11741,0.07191,0.71024,0.76509,0.63429,16.40807,19.11598,16.16535,0.08053,0.14805,0.07822,0.64393,0.71649,0.63049,15.42932,18.47063,16.15321,0.08251,0.1432,0.07687,0.63292,0.81954,0.65985,15.29622,19.94193,16.19653,0.07994,0.1557,0.07258,False,5c561271e7f64c42bad8343eb42043e4,scene-0017
straight,0.00577,-0.02866,-0.01298,-0.01883,-1.13987,-0.55763,0.00052,-0.03379,-0.00099,-0.07714,-0.06376,0.01491,-1.40713,-1.05467,0.36242,-0.01258,-0.01294,0.00997,0.01735,0.03281,0.01218,0.06848,-0.24012,0.06853,-0.00358,-0.03747,0.01384,0.0401,-0.01818,0.00211,0.39639,-0.73617,0.21994,-0.00212,-0.03079,0.01648,0.66636,0.59821,0.60103,16.22345,16.09043,15.29358,0.09774,0.07634,0.07102,0.58345,0.56311,0.62893,14.83514,16.17562,16.21363,0.08464,0.09719,0.08198,0.67795,0.65968,0.6262,16.31075,16.99017,15.91974,0.09364,0.07266,0.08585,0.7007,0.60869,0.61613,16.63867,16.49412,16.07115,0.0951,0.07934,0.08848,0.6606,0.62687,0.61401,16.24228,17.23029,15.85121,0.09722,0.11013,0.072,False,ddff867e8f5944869c55dfeca2151ba8,scene-0017
straight,-0.07541,0.04033,-0.0806,-1.01294,0.50507,-1.23803,0.00518,0.00124,-0.00774,-0.18715,-0.00674,0.01062,-2.83874,0.27661,0.37114,-0.03829,-0.00067,-0.00012,-0.05664,-0.02556,0.03931,-0.89113,-0.03118,1.61356,-0.00152,0.00564,0.03358,-0.10305,-0.02936,0.05298,-1.4713,-0.04332,1.292,-0.01251,0.00429,0.02302,0.74412,0.70018,0.49973,18.929,16.7016,13.72648,0.16088,0.07382,0.06791,0.63238,0.65311,0.59095,17.10319,16.47314,15.33565,0.11741,0.07191,0.07553,0.7629,0.63429,0.61964,19.05081,16.16535,16.57808,0.15419,0.07822,0.10923,0.71649,0.63049,0.63331,18.47063,16.15321,16.25651,0.1432,0.07687,0.09868,0.81954,0.65985,0.58033,19.94193,16.19653,14.96451,0.1557,0.07258,0.07565,False,40847c1f1fd34cf2bdf278782dba841a,scene-0017
straight,0.09859,-0.01298,-0.08789,1.0664,-0.55763,-0.99528,-0.00193,-0.00099,-0.00362,-0.07001,0.01491,0.04147,-1.84944,0.36242,0.49746,-0.03723,0.00997,-0.00272,-0.00928,0.01218,0.14072,-1.00323,0.06853,2.43652,-0.03946,0.01384,0.01205,-0.01818,0.00211,0.13144,-0.73617,0.21994,2.40581,-0.03079,0.01648,0.01278,0.72546,0.60103,0.42553,18.2967,15.29358,12.58353,0.1082,0.07102,0.06347,0.55685,0.62893,0.55489,15.38085,16.21363,14.07627,0.0729,0.08198,0.06437,0.61758,0.6262,0.65413,16.22707,15.91974,16.01532,0.07067,0.08585,0.07914,0.60869,0.61613,0.64486,16.49412,16.07115,15.98462,0.07934,0.08848,0.07987,0.62687,0.61401,0.51342,17.23029,15.85121,13.5788,0.11013,0.072,0.06709,False,3adeaa8b4f5f4b32a361534424ec6c71,scene-0017
straight,-0.04283,-0.0806,-0.01635,-0.81878,-1.23803,-0.29566,-0.01341,-0.00774,0.01276,0.01445,0.01062,-0.2462,0.35328,0.37114,-3.88539,-0.00528,-0.00012,-0.01293,-0.02559,0.03931,-0.08427,0.41754,1.61356,-1.57777,0.0218,0.03358,-0.0102,0.00523,0.05298,-0.09357,0.28042,1.292,-1.61023,-0.00132,0.02302,-0.01049,0.59583,0.49973,0.69729,15.30108,13.72648,16.23213,0.06378,0.06791,0.08279,0.65311,0.59095,0.46744,16.47314,15.33565,12.6424,0.07191,0.07553,0.0571,0.61307,0.61964,0.62936,16.53741,16.57808,14.95003,0.09899,0.10923,0.05983,0.64389,0.63331,0.62007,16.40028,16.25651,14.91756,0.07587,0.09868,0.05954,0.63866,0.58033,0.71363,16.11986,14.96451,16.52779,0.07719,0.07565,0.07003,False,6413a3e27b664997a08f7a0b82667d06,scene-0017
straight,0.00076,-0.08789,0.01476,0.01724,-0.99528,-0.02168,0.00509,-0.00362,-0.00504,-0.00393,0.04147,0.11353,0.04219,0.49746,1.23591,-0.00208,-0.00272,0.01251,-0.00851,0.14072,-0.02448,0.0142,2.43652,-0.69129,0.00823,0.01205,-0.01556,-0.00013,0.13144,-0.03953,0.0942,2.40581,-0.62872,0.01062,0.01278,-0.01035,0.63006,0.42553,0.61785,15.88694,12.58353,15.17967,0.08107,0.06347,0.0691,0.62536,0.55489,0.71662,15.91188,14.07627,16.43725,0.07391,0.06437,0.08665,0.62079,0.65413,0.57861,15.8839,16.01532,14.51006,0.08421,0.07914,0.05859,0.62916,0.64486,0.56356,15.96389,15.98462,14.57262,0.0866,0.07987,0.06379,0.6293,0.51342,0.60309,15.86969,13.5788,15.20134,0.07598,0.06709,0.07414,False,6609fa8733f14987ab840f3467c609e3,scene-0017
straight,-0.10068,-0.01635,0.02408,-1.56923,-0.29566,0.76684,-0.00404,0.01276,0.03707,0.08653,-0.2462,0.01845,2.21324,-3.88539,1.09774,0.03856,-0.01293,0.04304,0.06688,-0.08427,-0.09128,2.43615,-1.57777,-1.18844,0.05179,-0.0102,-0.00057,0.06357,-0.09357,-0.08876,1.74233,-1.61023,-1.14755,0.02628,-0.01049,0.00117,0.47082,0.69729,0.68597,13.16422,16.23213,16.13732,0.06373,0.08279,0.09291,0.65803,0.46744,0.68034,16.94669,12.6424,16.46823,0.10633,0.0571,0.09888,0.63838,0.62936,0.5706,17.1696,14.95003,14.18204,0.11957,0.05983,0.05526,0.63507,0.62007,0.57312,16.47578,14.91756,14.22293,0.09405,0.05954,0.05701,0.5715,0.71363,0.66188,14.73345,16.52779,15.37048,0.06777,0.07003,0.05584,False,ef03db0d15d241bf98a72fcdb87989e2,scene-0017
straight,-0.09381,0.01476,-0.04439,-1.81675,-0.02168,0.04532,-0.00249,-0.00504,0.02019,0.06426,0.11353,0.05989,0.52147,1.23591,0.91016,0.007,0.01251,0.03781,0.00477,-0.02448,-0.25168,-0.18351,-0.69129,-3.51445,0.00807,-0.01556,-0.01661,0.00503,-0.03953,-0.28395,-0.15627,-0.62872,-4.09341,0.01195,-0.01035,-0.01788,0.54508,0.61785,0.6844,14.33334,15.17967,15.8985,0.06757,0.0691,0.09085,0.70315,0.71662,0.78867,16.67157,16.43725,16.76335,0.07706,0.08665,0.10848,0.64365,0.57861,0.47711,15.96658,14.51006,12.33874,0.07813,0.05859,0.05405,0.64392,0.56356,0.44483,15.99383,14.57262,11.75978,0.08201,0.06379,0.05278,0.63889,0.60309,0.72879,16.15009,15.20134,15.85319,0.07006,0.07414,0.07067,False,fbac9771eca241c4b18c195395d64e22,scene-0017
straight,-0.02476,0.02408,0.04353,-0.41566,0.76684,0.50651,0.01312,0.03707,0.0104,-0.10825,0.01845,0.09698,-1.39253,1.09774,1.68544,-0.01084,0.04304,0.02823,-0.04735,-0.09128,-0.11634,-1.03685,-1.18844,-1.69826,-0.00714,-0.00057,-0.00219,-0.04338,-0.08876,-0.10561,-0.87536,-1.14755,-1.6636,-0.0069,0.00117,-0.00185,0.6586,0.68597,0.58529,15.67853,16.13732,14.03367,0.08047,0.09291,0.06933,0.57511,0.68034,0.63874,14.70166,16.46823,15.21259,0.05651,0.09888,0.08715,0.63601,0.5706,0.42543,15.05734,14.18204,11.8289,0.06021,0.05526,0.05674,0.63999,0.57312,0.43616,15.21883,14.22293,11.86355,0.06045,0.05701,0.05707,0.68336,0.66188,0.54177,16.09419,15.37048,13.52716,0.06735,0.05584,0.05893,False,ef661945febb4f4b9f11bea17dd55c63,scene-0017
straight,-0.00086,-0.04439,0.1653,-0.75479,0.04532,3.26539,-0.0078,0.02019,0.03538,0.11353,0.05989,-0.07525,1.23591,0.91016,-1.2231,0.01251,0.03781,-0.00397,-0.02448,-0.25168,-0.0446,-0.69129,-3.51445,-0.28468,-0.01556,-0.01661,0.0022,-0.00028,-0.28395,-0.00801,-0.51009,-4.09341,-0.19137,-0.02134,-0.01788,0.00243,0.60223,0.6844,0.64298,14.44655,15.8985,15.35732,0.06635,0.09085,0.09463,0.71662,0.78867,0.40243,16.43725,16.76335,10.86882,0.08665,0.10848,0.05528,0.57861,0.47711,0.43308,14.51006,12.33874,11.80725,0.05859,0.05405,0.06144,0.6028,0.44483,0.46966,14.69125,11.75978,11.90056,0.0528,0.05278,0.06168,0.60309,0.72879,0.47768,15.20134,15.85319,12.09193,0.07414,0.07067,0.05925,False,f274b48b3f8245669f97556d66ce468b,scene-0017
straight,0.0321,0.04353,0.09297,0.91046,0.50651,1.89746,0.03539,0.0104,0.01431,0.05777,0.09698,-0.03042,1.20548,1.68544,-0.19885,0.02808,0.02823,0.00489,-0.08326,-0.11634,0.06664,-1.04482,-1.69826,1.47897,-0.00226,-0.00219,0.01566,-0.06384,-0.10561,0.05107,-0.7807,-1.6636,1.72492,-0.00364,-0.00185,0.0273,0.68597,0.58529,0.56033,16.13732,14.03367,13.9571,0.09291,0.06933,0.06443,0.71163,0.63874,0.43694,16.43234,15.21259,11.8608,0.0856,0.08715,0.05501,0.5706,0.42543,0.534,14.18204,11.8289,13.53862,0.05526,0.05674,0.06578,0.59002,0.43616,0.51843,14.44616,11.86355,13.78456,0.05388,0.05707,0.07741,0.65386,0.54177,0.46736,15.22686,13.52716,12.05965,0.05752,0.05893,0.05012,False,dd8165825b8e4514aafd5b92fd9a3d6e,scene-0017
straight,0.27683,0.1653,0.18067,3.95726,3.26539,3.34293,0.0399,0.03538,0.02566,0.17325,-0.07525,0.03339,2.91803,-1.2231,0.54848,0.0291,-0.00397,0.00222,-0.0451,-0.0446,0.04227,-0.75066,-0.28468,0.83095,0.00272,0.0022,0.00459,-0.0472,-0.00801,0.04057,-0.86012,-0.19137,0.58638,0.00219,0.00243,0.00389,0.7693,0.64298,0.64533,16.78024,15.35732,15.60036,0.09118,0.09463,0.08276,0.66571,0.40243,0.49805,15.74102,10.86882,12.80591,0.08038,0.05528,0.05932,0.44736,0.43308,0.50693,12.07233,11.80725,13.08838,0.054,0.06144,0.0617,0.44526,0.46966,0.50522,11.96287,11.90056,12.84381,0.05347,0.06168,0.061,0.49246,0.47768,0.46466,12.82299,12.09193,12.25743,0.05128,0.05925,0.05711,False,603304c79ec14a318fdb1c896b8aa43f,scene-0017
straight,0.12891,0.09297,0.12221,2.02273,1.89746,2.1905,0.01245,0.01431,0.02726,-0.05057,-0.03042,0.01092,-0.54467,-0.19885,0.13494,-0.00237,0.00489,0.0114,-0.00897,0.06664,-0.03741,0.07284,1.47897,-0.91152,-0.00036,0.01566,-0.00222,-0.02337,0.05107,0.05345,0.03807,1.72492,0.68586,-0.0013,0.0273,0.00076,0.58529,0.56033,0.64753,14.03367,13.9571,15.78122,0.06933,0.06443,0.08375,0.40581,0.43694,0.53623,11.46627,11.8608,13.72565,0.05451,0.05501,0.06789,0.44741,0.534,0.4879,12.08378,13.53862,12.67919,0.05651,0.06578,0.05427,0.43301,0.51843,0.57876,12.049,13.78456,14.27657,0.05557,0.07741,0.05724,0.45638,0.46736,0.52532,12.01093,12.05965,13.59071,0.05687,0.05012,0.05648,False,04f790baf5a44f359a8b797be0550994,scene-0017
straight,0.19825,0.18067,0.1338,3.48515,3.34293,1.99138,0.02696,0.02566,0.04287,-0.04695,0.03339,0.02726,-1.36732,0.54848,0.67647,-0.0059,0.00222,0.02677,-0.04452,0.04227,-0.05751,-0.63828,0.83095,-1.32621,0.0003,0.00459,0.00164,-0.05578,0.04057,-0.05166,-1.2759,0.58638,-1.34898,-0.00305,0.00389,0.00035,0.67585,0.64533,0.74126,15.93068,15.60036,16.57466,0.0881,0.08276,0.10373,0.43066,0.49805,0.63472,11.07821,12.80591,15.25975,0.05524,0.05932,0.08763,0.43308,0.50693,0.54996,11.80725,13.08838,13.25707,0.06144,0.0617,0.06249,0.42182,0.50522,0.5558,11.16963,12.84381,13.2343,0.05809,0.061,0.06121,0.47761,0.46466,0.60746,12.44553,12.25743,14.58328,0.06114,0.05711,0.06086,False,b4bff2b0e4774147ac53fb96ff9317b5,scene-0017
straight,0.14948,0.12221,0.14238,2.93626,2.1905,2.65355,0.02509,0.02726,0.03176,-0.03042,0.01092,0.18833,-0.19885,0.13494,3.02803,0.00489,0.0114,0.03166,0.05274,-0.03741,-0.09034,1.65096,-0.91152,-1.54518,0.0241,-0.00222,-0.00552,0.05107,0.05345,-0.046,1.72492,0.68586,-0.79117,0.0273,0.00076,-0.00212,0.61684,0.64753,0.71776,14.9959,15.78122,16.9002,0.0752,0.08375,0.10462,0.43694,0.53623,0.7637,11.8608,13.72565,17.27468,0.05501,0.06789,0.10452,0.5201,0.4879,0.48504,13.71061,12.67919,12.70148,0.07422,0.05427,0.06734,0.51843,0.57876,0.52938,13.78456,14.27657,13.45548,0.07741,0.05724,0.07074,0.46736,0.52532,0.57538,12.05965,13.59071,14.24665,0.05012,0.05648,0.07286,False,3425c66163af46cca4c96006d425e0eb,scene-0017
straight,0.17451,0.1338,0.12623,2.88205,1.99138,1.82581,0.01535,0.04287,0.0281,0.10441,0.02726,0.06992,1.36433,0.67647,1.08086,0.0059,0.02677,0.0249,0.04227,-0.05751,-0.00626,0.83095,-1.32621,0.42837,0.00459,0.00164,0.03583,0.04057,-0.05166,0.0046,0.58638,-1.34898,0.77552,0.00389,0.00035,0.04475,0.63917,0.74126,0.74902,15.13947,16.57466,17.37262,0.07246,0.10373,0.10273,0.56907,0.63472,0.69271,13.62175,15.25975,16.62767,0.06301,0.08763,0.09953,0.50693,0.54996,0.61653,13.08838,13.25707,15.97517,0.0617,0.06249,0.11046,0.50522,0.5558,0.62739,12.84381,13.2343,16.32233,0.061,0.06121,0.11938,0.46466,0.60746,0.62279,12.25743,14.58328,15.54681,0.05711,0.06086,0.07463,False,cdc90732e957479da6c8a80c9fad6f78,scene-0017
straight,0.12221,0.14238,0.35221,2.1905,2.65355,5.76557,0.02726,0.03176,0.0304,0.01092,0.18833,0.32476,0.13494,3.02803,5.03745,0.0114,0.03166,0.02701,-0.03741,-0.09034,0.17145,-0.91152,-1.54518,2.76394,-0.00222,-0.00552,0.00886,0.05345,-0.046,0.20853,0.68586,-0.79117,3.41705,0.00076,-0.00212,0.01298,0.64753,0.71776,0.7415,15.78122,16.9002,17.34942,0.08375,0.10462,0.08672,0.53623,0.7637,0.71405,13.72565,17.27468,16.6213,0.06789,0.10452,0.08333,0.4879,0.48504,0.56074,12.67919,12.70148,14.34779,0.05427,0.06734,0.06518,0.57876,0.52938,0.59782,14.27657,13.45548,15.00091,0.05724,0.07074,0.0693,0.52532,0.57538,0.38929,13.59071,14.24665,11.58385,0.05648,0.07286,0.05632,False,8b66733250b94940b0e7477c8b182512,scene-0017
straight,0.1338,0.12623,0.31006,1.99138,1.82581,5.48061,0.04287,0.0281,0.0201,0.02726,0.06992,0.24259,0.67647,1.08086,4.96035,0.02677,0.0249,0.0133,-0.04534,-0.00626,0.23729,-1.11593,0.42837,4.03768,0.00429,0.03583,0.00103,-0.05166,0.0046,0.22777,-1.34898,0.77552,4.01225,0.00035,0.04475,0.00152,0.74126,0.74902,0.73845,16.57466,17.37262,16.84228,0.10373,0.10273,0.08477,0.63472,0.69271,0.67098,15.25975,16.62767,16.32203,0.08763,0.09953,0.07797,0.56212,0.61653,0.66569,13.46735,15.97517,15.39936,0.06514,0.11046,0.06569,0.5558,0.62739,0.65617,13.2343,16.32233,15.37392,0.06121,0.11938,0.06618,0.60746,0.62279,0.4284,14.58328,15.54681,11.36167,0.06086,0.07463,0.06467,False,3d9f13edf73c4e25a484253ebf80f222,scene-0017
straight,0.14238,0.35221,0.08808,2.65355,5.76557,1.5882,0.03176,0.0304,0.01319,0.18833,0.32476,0.03868,3.02803,5.03745,0.88052,0.03166,0.02701,0.01737,-0.08092,0.17145,-0.00166,-1.40932,2.76394,-0.07931,-0.00287,0.00886,-0.0008,-0.046,0.20853,-0.04424,-0.79117,3.41705,-0.53752,-0.00212,0.01298,-9e-05,0.71776,0.7415,0.74887,16.9002,17.34942,17.21297,0.10462,0.08672,0.08215,0.7637,0.71405,0.69947,17.27468,16.6213,16.50529,0.10452,0.08333,0.08633,0.49446,0.56074,0.65913,12.83733,14.34779,15.54545,0.06999,0.06518,0.06816,0.52938,0.59782,0.61655,13.45548,15.00091,15.08725,0.07074,0.0693,0.06887,0.57538,0.38929,0.66079,14.24665,11.58385,15.62477,0.07286,0.05632,0.06896,False,2a271f85c90a45a9a6f33d9cc281943e,scene-0017
straight,0.12623,0.31006,0.21757,1.82581,5.48061,3.69698,0.0281,0.0201,0.01564,0.06992,0.24259,0.24947,1.08086,4.96035,4.03088,0.0249,0.0133,0.02442,0.00866,0.23729,0.05246,0.21911,4.03768,0.64754,0.00187,0.00103,0.0015,0.0046,0.22777,0.03925,0.77552,4.01225,0.36958,0.04475,0.00152,-0.00011,0.74902,0.73845,0.67429,17.37262,16.84228,16.4664,0.10273,0.08477,0.08046,0.69271,0.67098,0.70619,16.62767,16.32203,16.80029,0.09953,0.07797,0.08925,0.63145,0.66569,0.50918,15.76592,15.39936,13.41695,0.07651,0.06569,0.06632,0.62739,0.65617,0.49597,16.32233,15.37392,13.139,0.11938,0.06618,0.06471,0.62279,0.4284,0.45672,15.54681,11.36167,12.76941,0.07463,0.06467,0.06483,False,9a476217cc324813a5760c9852643324,scene-0017
straight,0.17547,0.08808,0.0469,2.98924,1.5882,1.10605,0.01851,0.01319,0.02304,0.14801,0.03868,-0.03544,2.26112,0.88052,-0.1455,0.01513,0.01737,0.00917,-0.01828,-0.00166,-0.08448,-0.20003,-0.07931,-0.28311,-0.00275,-0.0008,0.00415,0.00088,-0.04424,0.03913,0.11736,-0.53752,0.97762,0.00039,-9e-05,0.00414,0.7415,0.74887,0.73655,17.34942,17.21297,17.11209,0.08672,0.08215,0.09818,0.71405,0.69947,0.65422,16.6213,16.50529,15.86053,0.08333,0.08633,0.08431,0.54776,0.65913,0.60517,14.16015,15.54545,15.72293,0.06545,0.06816,0.07929,0.56692,0.61655,0.72878,14.47755,15.08725,16.98366,0.0686,0.06887,0.07928,0.56604,0.66079,0.68965,14.36018,15.62477,16.00604,0.0682,0.06896,0.07514,False,657b2fe881834950a629c05285b2055a,scene-0017
straight,0.11298,0.21757,0.17858,1.89714,3.69698,3.52772,0.01528,0.01564,0.02781,0.02937,0.24947,0.18581,1.04382,4.03088,3.53172,0.01221,0.02442,0.02366,-0.01541,0.05246,0.20662,-0.22483,0.64754,3.71082,0.00108,0.0015,0.01231,-0.02248,0.03925,0.20518,0.83944,0.36958,3.81965,0.05797,-0.00011,0.01272,0.75459,0.67429,0.71659,17.17535,16.4664,16.97924,0.08103,0.08046,0.1005,0.67098,0.70619,0.72382,16.32203,16.80029,16.98324,0.07797,0.08925,0.09634,0.62621,0.50918,0.74464,15.05338,13.41695,17.16235,0.06683,0.06632,0.08499,0.61913,0.49597,0.74319,16.11765,13.139,17.27117,0.12372,0.06471,0.0854,0.64161,0.45672,0.53801,15.2782,12.76941,13.45152,0.06575,0.06483,0.07268,False,a7eee1088f4a43f4b1c49324e4a6803e,scene-0017
straight,0.09234,0.0469,0.30547,1.52927,1.10605,4.5413,0.0155,0.02304,0.01909,0.02257,-0.03544,0.28487,0.46995,-0.1455,4.29735,0.01282,0.00917,0.02022,-0.01499,-0.08448,0.13985,-0.09302,-0.28311,2.32105,0.00166,0.00415,-0.00104,-0.04424,0.03913,0.08875,-0.53752,0.97762,1.37021,-9e-05,0.00414,-0.00293,0.75313,0.73655,0.78253,17.15404,17.11209,17.70871,0.08446,0.09818,0.10152,0.68336,0.65422,0.76193,16.09472,15.86053,17.46477,0.08178,0.08431,0.10266,0.6458,0.60517,0.61691,15.53175,15.72293,15.48846,0.07062,0.07929,0.08139,0.61655,0.72878,0.56581,15.08725,16.98366,14.53762,0.06887,0.07928,0.07951,0.66079,0.68965,0.47706,15.62477,16.00604,13.16742,0.06896,0.07514,0.08243,False,93d25b8eaa46429a997327e6e333f627,scene-0017
straight,0.15808,0.17858,0.00767,3.59628,3.52772,-0.01871,0.01932,0.02781,0.02213,0.10988,0.18581,0.00199,2.01731,3.53172,-0.04204,0.00825,0.02366,0.02467,0.04424,0.20662,0.01208,0.94027,3.71082,0.41703,0.00197,0.01231,0.00233,-0.01677,0.20518,0.01811,0.31919,3.81965,0.51363,0.00196,0.01272,0.00674,0.6642,0.71659,0.75091,16.43412,16.97924,17.31797,0.08241,0.1005,0.11187,0.616,0.72382,0.74524,14.85516,16.98324,17.29464,0.07134,0.09634,0.11441,0.55037,0.74464,0.75532,13.77811,17.16235,17.7537,0.06505,0.08499,0.09207,0.48935,0.74319,0.76135,13.15703,17.27117,17.85031,0.06505,0.0854,0.09648,0.50612,0.53801,0.74325,12.83784,13.45152,17.33668,0.06308,0.07268,0.08974,False,ce130b56a60242dfb4369eb62bac9478,scene-0017
straight,0.03259,0.30547,0.19891,0.76788,4.5413,3.39506,0.00571,0.01909,0.00645,-0.03405,0.28487,0.20885,0.04819,4.29735,3.26446,0.00497,0.02022,0.02693,0.03888,0.13985,-0.19178,0.79364,2.32105,-3.61098,0.00558,-0.00104,-0.01511,0.03913,0.08875,-0.00129,0.97762,1.37021,-0.00643,0.00414,-0.00293,-0.00274,0.72224,0.78253,0.75386,16.77391,17.70871,17.71703,0.08085,0.10152,0.09297,0.6556,0.76193,0.7638,16.05422,17.46477,17.58643,0.0801,0.10266,0.11344,0.72854,0.61691,0.36317,16.79967,15.48846,10.71099,0.08072,0.08139,0.07141,0.72878,0.56581,0.55366,16.98366,14.53762,14.31554,0.07928,0.07951,0.08378,0.68965,0.47706,0.55495,16.00604,13.16742,14.32197,0.07514,0.08243,0.08652,False,789b705cdbcd4e5bb43812186d612d7d,scene-0017
straight,0.03103,0.00767,0.22286,0.86242,-0.01871,3.82455,0.00565,0.02213,0.02406,0.16968,0.00199,0.32226,3.24872,-0.04204,5.13634,0.02002,0.02467,0.03528,0.1942,0.01208,0.00556,3.47815,0.41703,-0.06611,0.01042,0.00233,-0.00192,0.20518,0.01811,-0.01443,3.81965,0.51363,-0.23323,0.01272,0.00674,-0.00122,0.56904,0.75091,0.74153,14.31394,17.31797,17.6384,0.07833,0.11187,0.10997,0.70769,0.74524,0.84092,16.70024,17.29464,18.95018,0.09271,0.11441,0.12119,0.73221,0.75532,0.52423,16.92967,17.7537,13.74773,0.08311,0.09207,0.08398,0.74319,0.76135,0.50424,17.27117,17.85031,13.58061,0.0854,0.09648,0.08469,0.53801,0.74325,0.51867,13.45152,17.33668,13.81384,0.07268,0.08974,0.0859,False,43357fafe91d4c018e42f07f16fc383c,scene-0017
straight,-0.18215,0.19891,0.36546,-3.01639,3.39506,5.69373,-0.0009,0.00645,0.01822,0.03147,0.20885,0.51678,0.44641,3.26446,8.10096,0.0192,0.02693,0.04585,-0.0886,-0.19178,0.0036,-1.27825,-3.61098,-0.11917,-0.00282,-0.01511,-0.00065,-0.11053,-0.00129,0.0036,-1.49786,-0.00643,-0.11917,-0.00134,-0.00274,-0.00065,0.54831,0.75386,0.67347,14.00196,17.71703,16.05741,0.08256,0.09297,0.08882,0.76193,0.7638,0.8248,17.46477,17.58643,18.46464,0.10266,0.11344,0.11645,0.64186,0.36317,0.31162,15.74011,10.71099,10.24451,0.08064,0.07141,0.06995,0.61993,0.55366,0.31162,15.5205,14.31554,10.24451,0.08213,0.08378,0.06995,0.73046,0.55495,0.30801,17.01836,14.32197,10.36368,0.08346,0.08652,0.0706,False,470df44aab6241f4843137efa2e55b85,scene-0017
straight,0.00767,0.22286,-0.01382,-0.01871,3.82455,-0.64396,0.02213,0.02406,-0.00182,0.00199,0.32226,0.55261,-0.04204,5.13634,8.31965,0.02467,0.03528,0.05328,0.01208,0.00556,-0.0013,0.41703,-0.06611,-0.11677,0.00233,-0.00192,-0.00067,0.01811,-0.01443,0.00209,0.51363,-0.23323,-0.13699,0.00674,-0.00122,0.00088,0.75091,0.74153,0.33382,17.31797,17.6384,10.43245,0.11187,0.10997,0.06728,0.74524,0.84092,0.90025,17.29464,18.95018,19.39606,0.11441,0.12119,0.12237,0.75532,0.52423,0.34635,17.7537,13.74773,10.95965,0.09207,0.08398,0.06843,0.76135,0.50424,0.34974,17.85031,13.58061,10.93942,0.09648,0.08469,0.06997,0.74325,0.51867,0.34764,17.33668,13.81384,11.07641,0.08974,0.0859,0.0691,False,14684fc1b81a43888b992d553add01cf,scene-0017
straight,-0.28869,0.14617,0.16874,-5.07871,2.40177,2.56439,-0.04802,0.01127,0.03863,-0.02548,0.14767,0.15637,-0.76398,2.72301,2.51378,-0.01489,0.01887,0.03506,-0.0061,0.14081,-0.04708,0.7667,2.73381,-1.11829,0.05199,0.01642,-0.00348,0.01378,0.181,-0.08015,0.09582,3.12595,-1.48798,-0.00361,0.019,-0.00305,0.48967,0.74329,0.82057,12.80278,16.51162,17.62144,0.06917,0.07957,0.11071,0.75289,0.74479,0.8082,17.11751,16.83286,17.57083,0.10229,0.08718,0.10714,0.77227,0.73793,0.60475,18.64819,16.84366,13.93876,0.16917,0.08473,0.0686,0.79215,0.77812,0.57169,17.9773,17.2358,13.56907,0.11358,0.08731,0.06902,0.77836,0.59712,0.65183,17.88149,14.10985,15.05705,0.11719,0.0683,0.07208,False,f0e4797551024f9487a016ee9d9e29e1,scene-0018
straight,-0.06787,0.1782,0.27202,-1.13359,2.89362,3.92438,-0.00361,0.01887,0.04612,-0.02824,0.17874,0.24279,-0.72733,2.94547,3.3152,0.00606,0.01585,0.04614,0.00735,0.14176,0.12091,0.03048,2.27762,0.93976,-0.00657,0.0195,0.01045,0.01246,0.15586,0.12825,0.0211,2.26977,1.14604,-0.0067,0.0222,0.01173,0.73094,0.76085,0.87433,16.49372,16.72286,18.76387,0.09749,0.09189,0.12721,0.77056,0.76139,0.84509,16.89998,16.77471,18.15469,0.10717,0.08887,0.12723,0.80615,0.72442,0.72321,17.65779,16.10686,15.77925,0.09454,0.09252,0.09154,0.81127,0.73852,0.73056,17.64841,16.09902,15.98553,0.0944,0.09522,0.09282,0.7988,0.58265,0.60231,17.62731,13.82925,14.83949,0.1011,0.07302,0.08109,False,6cc2a560dacc42149e0780bfb6efe682,scene-0018
